tract,NAME,White_Pop,White_Pct,Asian_Pop,Asian_Pct,Black_Pop,Black_Pct,Hispanic_Pop,Hispanic_Pct,Postgrad_Pop,Postgrad_Pct,Total_Pop
101,Census Tract 1.01; District of Columbia; District of Columbia,837,70.9,37,3.1,58,4.9,90,7.6,576,48.8,1181
102,Census Tract 1.02; District of Columbia; District of Columbia,2507,82.0,83,2.7,15,0.5,405,13.3,1416,46.3,3056
201,Census Tract 2.01; District of Columbia; District of Columbia,1538,54.3,529,18.7,220,7.8,381,13.4,42,1.5,2835
202,Census Tract 2.02; District of Columbia; District of Columbia,3087,77.9,256,6.5,97,2.4,384,9.7,1639,41.3,3964
300,Census Tract 3; District of Columbia; District of Columbia,3883,68.5,223,3.9,325,5.7,816,14.4,2303,40.6,5669
400,Census Tract 4; District of Columbia; District of Columbia,955,55.7,327,19.1,78,4.5,279,16.3,727,42.4,1715
501,Census Tract 5.01; District of Columbia; District of Columbia,2024,58.0,564,16.2,421,12.1,366,10.5,1793,51.4,3490
502,Census Tract 5.02; District of Columbia; District of Columbia,2330,67.6,127,3.7,150,4.4,491,14.2,1694,49.1,3448
600,Census Tract 6; District of Columbia; District of Columbia,3452,79.0,162,3.7,285,6.5,343,7.9,1995,45.7,4367
702,Census Tract 7.02; District of Columbia; District of Columbia,1774,54.8,273,8.4,741,22.9,310,9.6,1284,39.6,3239
703,Census Tract 7.03; District of Columbia; District of Columbia,1845,66.8,197,7.1,194,7.0,371,13.4,1443,52.2,2764
704,Census Tract 7.04; District of Columbia; District of Columbia,1761,73.3,189,7.9,84,3.5,286,11.9,1198,49.8,2404
802,Census Tract 8.02; District of Columbia; District of Columbia,2061,65.7,299,9.5,335,10.7,320,10.2,1318,42.0,3136
803,Census Tract 8.03; District of Columbia; District of Columbia,1739,69.0,307,12.2,198,7.9,213,8.4,1083,43.0,2521
804,Census Tract 8.04; District of Columbia; District of Columbia,2941,83.3,107,3.0,81,2.3,111,3.1,1182,33.5,3532
902,Census Tract 9.02; District of Columbia; District of Columbia,1613,75.6,43,2.0,194,9.1,182,8.5,978,45.8,2134
903,Census Tract 9.03; District of Columbia; District of Columbia,2423,75.7,155,4.8,214,6.7,292,9.1,501,15.7,3201
904,Census Tract 9.04; District of Columbia; District of Columbia,2347,72.2,125,3.8,271,8.3,275,8.5,1609,49.5,3250
1002,Census Tract 10.02; District of Columbia; District of Columbia,2717,81.2,216,6.5,141,4.2,155,4.6,1436,42.9,3348
1003,Census Tract 10.03; District of Columbia; District of Columbia,2280,78.8,114,3.9,175,6.0,219,7.6,1083,37.4,2895
1004,Census Tract 10.04; District of Columbia; District of Columbia,3049,77.0,292,7.4,143,3.6,279,7.0,1540,38.9,3959
1100,Census Tract 11; District of Columbia; District of Columbia,3005,66.7,362,8.0,575,12.8,257,5.7,2047,45.4,4508
1200,Census Tract 12; District of Columbia; District of Columbia,3310,70.3,350,7.4,489,10.4,368,7.8,2248,47.7,4711
1301,Census Tract 13.01; District of Columbia; District of Columbia,2502,63.1,80,2.0,676,17.0,377,9.5,1721,43.4,3965
1303,Census Tract 13.03; District of Columbia; District of Columbia,2385,67.4,186,5.3,409,11.6,432,12.2,1461,41.3,3537
1304,Census Tract 13.04; District of Columbia; District of Columbia,2687,65.8,218,5.3,231,5.7,504,12.3,2046,50.1,4083
1401,Census Tract 14.01; District of Columbia; District of Columbia,2024,60.9,446,13.4,230,6.9,523,15.7,1476,44.4,3324
1402,Census Tract 14.02; District of Columbia; District of Columbia,2202,63.1,100,2.9,395,11.3,340,9.7,1514,43.4,3488
1500,Census Tract 15; District of Columbia; District of Columbia,3931,70.0,79,1.4,645,11.5,605,10.8,2616,46.6,5619
1600,Census Tract 16; District of Columbia; District of Columbia,1025,20.2,21,0.4,3313,65.3,448,8.8,1792,35.3,5071
1702,Census Tract 17.02; District of Columbia; District of Columbia,1374,40.6,84,2.5,1312,38.7,279,8.2,1259,37.2,3387
1803,Census Tract 18.03; District of Columbia; District of Columbia,336,8.9,4,0.1,2091,55.1,1243,32.8,429,11.3,3795
1804,Census Tract 18.04; District of Columbia; District of Columbia,123,2.3,0,0.0,3091,56.9,2072,38.2,595,11.0,5428
1901,Census Tract 19.01; District of Columbia; District of Columbia,939,20.5,43,0.9,2592,56.6,907,19.8,795,17.4,4581
1902,Census Tract 19.02; District of Columbia; District of Columbia,542,24.5,50,2.3,1142,51.6,335,15.1,605,27.4,2212
2001,Census Tract 20.01; District of Columbia; District of Columbia,450,15.1,182,6.1,979,32.8,1313,44.0,494,16.6,2983
2002,Census Tract 20.02; District of Columbia; District of Columbia,1224,29.8,52,1.3,1639,39.9,770,18.8,1244,30.3,4106
2101,Census Tract 21.01; District of Columbia; District of Columbia,707,11.9,51,0.9,3295,55.4,1554,26.1,1103,18.6,5946
2102,Census Tract 21.02; District of Columbia; District of Columbia,756,15.0,83,1.6,2536,50.3,1411,28.0,1054,20.9,5043
2201,Census Tract 22.01; District of Columbia; District of Columbia,1109,34.2,85,2.6,937,28.9,901,27.8,780,24.1,3238
2202,Census Tract 22.02; District of Columbia; District of Columbia,731,22.6,25,0.8,1758,54.5,544,16.9,531,16.4,3228
2301,Census Tract 23.01; District of Columbia; District of Columbia,739,23.3,70,2.2,1575,49.7,600,18.9,708,22.3,3170
2302,Census Tract 23.02; District of Columbia; District of Columbia,517,33.6,57,3.7,836,54.4,88,5.7,367,23.9,1538
2400,Census Tract 24; District of Columbia; District of Columbia,1294,34.6,174,4.7,1143,30.6,903,24.2,1190,31.9,3735
2501,Census Tract 25.01; District of Columbia; District of Columbia,1043,36.5,48,1.7,1056,36.9,484,16.9,763,26.7,2860
2503,Census Tract 25.03; District of Columbia; District of Columbia,934,32.1,73,2.5,1236,42.5,554,19.0,719,24.7,2909
2504,Census Tract 25.04; District of Columbia; District of Columbia,902,28.8,180,5.7,733,23.4,1030,32.9,1143,36.5,3132
2600,Census Tract 26; District of Columbia; District of Columbia,906,35.1,16,0.6,1218,47.2,383,14.9,878,34.1,2578
2702,Census Tract 27.02; District of Columbia; District of Columbia,3146,56.4,325,5.8,538,9.6,1271,22.8,2005,35.9,5578
2703,Census Tract 27.03; District of Columbia; District of Columbia,1178,51.0,110,4.8,402,17.4,380,16.4,1075,46.5,2312
2704,Census Tract 27.04; District of Columbia; District of Columbia,1207,40.6,182,6.1,333,11.2,912,30.7,1051,35.4,2971
2801,Census Tract 28.01; District of Columbia; District of Columbia,1022,26.4,275,7.1,884,22.8,1341,34.6,967,24.9,3877
2802,Census Tract 28.02; District of Columbia; District of Columbia,1185,23.9,466,9.4,792,16.0,2280,46.1,1207,24.4,4951
2900,Census Tract 29; District of Columbia; District of Columbia,1609,34.9,236,5.1,1287,27.9,1152,25.0,1160,25.2,4608
3000,Census Tract 30; District of Columbia; District of Columbia,1056,29.9,180,5.1,1464,41.4,779,22.0,830,23.5,3535
3100,Census Tract 31; District of Columbia; District of Columbia,1740,49.3,109,3.1,660,18.7,860,24.4,1442,40.9,3529
3200,Census Tract 32; District of Columbia; District of Columbia,1720,41.6,145,3.5,1254,30.3,891,21.6,1017,24.6,4132
3301,Census Tract 33.01; District of Columbia; District of Columbia,1821,51.7,156,4.4,1134,32.2,250,7.1,1723,48.9,3525
3302,Census Tract 33.02; District of Columbia; District of Columbia,1038,46.4,116,5.2,887,39.7,104,4.7,776,34.7,2236
3400,Census Tract 34; District of Columbia; District of Columbia,1138,28.1,408,10.1,1757,43.4,429,10.6,901,22.3,4044
3500,Census Tract 35; District of Columbia; District of Columbia,1615,35.9,194,4.3,2145,47.7,293,6.5,1001,22.3,4498
3600,Census Tract 36; District of Columbia; District of Columbia,2350,52.2,240,5.3,1281,28.5,479,10.6,1585,35.2,4500
3701,Census Tract 37.01; District of Columbia; District of Columbia,986,44.9,144,6.6,214,9.7,739,33.7,739,33.7,2195
3702,Census Tract 37.02; District of Columbia; District of Columbia,1271,45.2,74,2.6,1085,38.5,319,11.3,667,23.7,2815
3801,Census Tract 38.01; District of Columbia; District of Columbia,1201,79.3,74,4.9,55,3.6,139,9.2,815,53.8,1514
3802,Census Tract 38.02; District of Columbia; District of Columbia,1774,49.2,275,7.6,480,13.3,674,18.7,1321,36.6,3607
3901,Census Tract 39.01; District of Columbia; District of Columbia,1315,48.2,74,2.7,674,24.7,586,21.5,1336,49.0,2729
3902,Census Tract 39.02; District of Columbia; District of Columbia,870,49.0,307,17.3,91,5.1,328,18.5,558,31.5,1774
4001,Census Tract 40.01; District of Columbia; District of Columbia,2706,68.1,212,5.3,402,10.1,416,10.5,1755,44.2,3971
4002,Census Tract 40.02; District of Columbia; District of Columbia,2097,63.7,128,3.9,167,5.1,510,15.5,1721,52.3,3291
4100,Census Tract 41; District of Columbia; District of Columbia,1529,64.7,101,4.3,287,12.1,382,16.2,1061,44.9,2363
4201,Census Tract 42.01; District of Columbia; District of Columbia,2377,73.7,209,6.5,157,4.9,284,8.8,998,31.0,3224
4202,Census Tract 42.02; District of Columbia; District of Columbia,1640,62.8,317,12.1,66,2.5,454,17.4,1028,39.3,2613
4300,Census Tract 43; District of Columbia; District of Columbia,2368,54.0,100,2.3,396,9.0,876,20.0,1851,42.2,4387
4401,Census Tract 44.01; District of Columbia; District of Columbia,1902,56.1,239,7.1,786,23.2,255,7.5,1672,49.4,3388
4402,Census Tract 44.02; District of Columbia; District of Columbia,1556,62.2,151,6.0,348,13.9,151,6.0,1017,40.6,2503
4600,Census Tract 46; District of Columbia; District of Columbia,1426,46.6,126,4.1,1240,40.5,210,6.9,886,29.0,3058
4702,Census Tract 47.02; District of Columbia; District of Columbia,2098,60.4,192,5.5,543,15.6,460,13.2,1776,51.1,3476
4703,Census Tract 47.03; District of Columbia; District of Columbia,1117,32.9,545,16.0,1339,39.4,254,7.5,894,26.3,3400
4704,Census Tract 47.04; District of Columbia; District of Columbia,86,5.4,0,0.0,1448,91.6,46,2.9,43,2.7,1580
4801,Census Tract 48.01; District of Columbia; District of Columbia,1343,48.8,132,4.8,606,22.0,538,19.6,1051,38.2,2751
4802,Census Tract 48.02; District of Columbia; District of Columbia,1113,37.4,213,7.2,1089,36.6,441,14.8,1134,38.1,2974
4901,Census Tract 49.01; District of Columbia; District of Columbia,1739,51.4,112,3.3,887,26.2,504,14.9,905,26.8,3381
4902,Census Tract 49.02; District of Columbia; District of Columbia,1905,56.6,250,7.4,673,20.0,401,11.9,1302,38.7,3367
5001,Census Tract 50.01; District of Columbia; District of Columbia,1322,64.1,360,17.4,152,7.4,135,6.5,1005,48.7,2064
5003,Census Tract 50.03; District of Columbia; District of Columbia,1051,59.5,160,9.1,163,9.2,261,14.8,925,52.4,1766
5004,Census Tract 50.04; District of Columbia; District of Columbia,1624,43.9,205,5.5,913,24.7,887,24.0,1061,28.7,3703
5202,Census Tract 52.02; District of Columbia; District of Columbia,2383,80.2,185,6.2,103,3.5,197,6.6,1879,63.2,2973
5203,Census Tract 52.03; District of Columbia; District of Columbia,1721,55.3,237,7.6,257,8.3,632,20.3,1117,35.9,3114
5302,Census Tract 53.02; District of Columbia; District of Columbia,1788,70.2,228,9.0,86,3.4,373,14.6,1090,42.8,2547
5303,Census Tract 53.03; District of Columbia; District of Columbia,1681,67.2,527,21.1,4,0.2,230,9.2,1242,49.6,2503
5501,Census Tract 55.01; District of Columbia; District of Columbia,1170,66.5,81,4.6,57,3.2,388,22.1,1071,60.9,1759
5502,Census Tract 55.02; District of Columbia; District of Columbia,1729,69.5,357,14.4,174,7.0,104,4.2,1186,47.7,2487
5503,Census Tract 55.03; District of Columbia; District of Columbia,1236,73.0,124,7.3,113,6.7,173,10.2,984,58.1,1693
5601,Census Tract 56.01; District of Columbia; District of Columbia,1527,60.9,325,13.0,278,11.1,302,12.0,1025,40.9,2508
5602,Census Tract 56.02; District of Columbia; District of Columbia,2354,58.4,489,12.1,246,6.1,615,15.2,1636,40.6,4034
5801,Census Tract 58.01; District of Columbia; District of Columbia,1162,65.3,223,12.5,233,13.1,148,8.3,792,44.5,1780
5802,Census Tract 58.02; District of Columbia; District of Columbia,1045,54.0,227,11.7,210,10.8,374,19.3,973,50.3,1936
5900,Census Tract 59; District of Columbia; District of Columbia,1487,61.9,223,9.3,336,14.0,223,9.3,673,28.0,2403
6400,Census Tract 64; District of Columbia; District of Columbia,621,20.9,38,1.3,2170,72.9,51,1.7,490,16.5,2978
6500,Census Tract 65; District of Columbia; District of Columbia,1770,69.4,121,4.7,255,10.0,307,12.0,974,38.2,2549
6600,Census Tract 66; District of Columbia; District of Columbia,1699,79.0,28,1.3,110,5.1,113,5.3,1107,51.5,2150
6700,Census Tract 67; District of Columbia; District of Columbia,3228,82.1,133,3.4,316,8.0,196,5.0,2016,51.3,3930
6801,Census Tract 68.01; District of Columbia; District of Columbia,1176,51.8,149,6.6,535,23.6,192,8.5,811,35.7,2271
6802,Census Tract 68.02; District of Columbia; District of Columbia,1272,56.2,28,1.2,733,32.4,107,4.7,798,35.2,2264
6804,Census Tract 68.04; District of Columbia; District of Columbia,199,9.3,59,2.8,1727,80.6,124,5.8,36,1.7,2143
6900,Census Tract 69; District of Columbia; District of Columbia,2082,71.5,199,6.8,399,13.7,119,4.1,1320,45.3,2913
7000,Census Tract 70; District of Columbia; District of Columbia,1624,66.0,197,8.0,298,12.1,197,8.0,1007,40.9,2462
7100,Census Tract 71; District of Columbia; District of Columbia,1068,30.6,139,4.0,1845,52.9,322,9.2,931,26.7,3485
7201,Census Tract 72.01; District of Columbia; District of Columbia,1810,63.5,237,8.3,543,19.1,198,6.9,1284,45.1,2850
7202,Census Tract 72.02; District of Columbia; District of Columbia,4017,76.3,145,2.8,579,11.0,297,5.6,1738,33.0,5262
7203,Census Tract 72.03; District of Columbia; District of Columbia,1870,56.6,137,4.1,927,28.0,173,5.2,1241,37.5,3305
7301,Census Tract 73.01; District of Columbia; District of Columbia,2254,49.1,157,3.4,660,14.4,1008,22.0,808,17.6,4592
7304,Census Tract 73.04; District of Columbia; District of Columbia,209,4.8,34,0.8,3854,87.9,34,0.8,389,8.9,4383
7401,Census Tract 74.01; District of Columbia; District of Columbia,29,2.0,28,1.9,1372,94.1,18,1.2,74,5.1,1458
7403,Census Tract 74.03; District of Columbia; District of Columbia,14,0.5,0,0.0,2345,84.4,113,4.1,21,0.8,2779
7404,Census Tract 74.04; District of Columbia; District of Columbia,23,0.5,0,0.0,3828,88.9,424,9.9,239,5.6,4304
7406,Census Tract 74.06; District of Columbia; District of Columbia,0,0.0,0,0.0,2441,87.1,0,0.0,0,0.0,2803
7407,Census Tract 74.07; District of Columbia; District of Columbia,198,5.8,57,1.7,2993,87.8,93,2.7,342,10.0,3407
7408,Census Tract 74.08; District of Columbia; District of Columbia,118,2.9,20,0.5,3872,93.9,52,1.3,153,3.7,4124
7409,Census Tract 74.09; District of Columbia; District of Columbia,16,0.5,0,0.0,3331,98.3,0,0.0,178,5.3,3387
7502,Census Tract 75.02; District of Columbia; District of Columbia,56,1.1,0,0.0,4734,94.7,0,0.0,20,0.4,4999
7503,Census Tract 75.03; District of Columbia; District of Columbia,138,5.7,0,0.0,2149,88.1,123,5.0,193,7.9,2440
7504,Census Tract 75.04; District of Columbia; District of Columbia,38,1.3,0,0.0,2643,93.9,70,2.5,153,5.4,2815
7601,Census Tract 76.01; District of Columbia; District of Columbia,167,3.4,147,3.0,4384,88.6,130,2.6,518,10.5,4949
7603,Census Tract 76.03; District of Columbia; District of Columbia,109,2.5,18,0.4,3718,86.8,173,4.0,540,12.6,4281
7604,Census Tract 76.04; District of Columbia; District of Columbia,213,5.7,74,2.0,2999,80.2,177,4.7,670,17.9,3738
7605,Census Tract 76.05; District of Columbia; District of Columbia,72,1.9,0,0.0,3642,96.0,15,0.4,372,9.8,3793
7703,Census Tract 77.03; District of Columbia; District of Columbia,13,0.2,4,0.1,4857,68.0,2051,28.7,227,3.2,7140
7707,Census Tract 77.07; District of Columbia; District of Columbia,57,1.3,0,0.0,4038,92.9,178,4.1,471,10.8,4345
7708,Census Tract 77.08; District of Columbia; District of Columbia,2,0.1,28,1.1,2125,86.9,34,1.4,213,8.7,2444
7709,Census Tract 77.09; District of Columbia; District of Columbia,32,1.3,0,0.0,2317,92.2,128,5.1,52,2.1,2512
7803,Census Tract 78.03; District of Columbia; District of Columbia,58,1.2,0,0.0,4674,94.1,67,1.3,259,5.2,4968
7804,Census Tract 78.04; District of Columbia; District of Columbia,176,4.3,0,0.0,3719,91.2,33,0.8,237,5.8,4078
7806,Census Tract 78.06; District of Columbia; District of Columbia,156,6.6,13,0.6,2096,88.8,17,0.7,369,15.6,2361
7807,Census Tract 78.07; District of Columbia; District of Columbia,22,0.9,0,0.0,2190,88.4,156,6.3,105,4.2,2477
7808,Census Tract 78.08; District of Columbia; District of Columbia,48,1.2,0,0.0,3715,90.5,263,6.4,134,3.3,4105
7809,Census Tract 78.09; District of Columbia; District of Columbia,108,3.4,0,0.0,2535,80.9,302,9.6,168,5.4,3134
7901,Census Tract 79.01; District of Columbia; District of Columbia,788,17.9,34,0.8,2341,53.2,578,13.1,965,21.9,4397
7903,Census Tract 79.03; District of Columbia; District of Columbia,420,22.6,49,2.6,1112,59.8,131,7.0,444,23.9,1859
8001,Census Tract 80.01; District of Columbia; District of Columbia,2113,69.1,48,1.6,394,12.9,259,8.5,1174,38.4,3058
8002,Census Tract 80.02; District of Columbia; District of Columbia,2101,63.9,73,2.2,697,21.2,223,6.8,1184,36.0,3286
8100,Census Tract 81; District of Columbia; District of Columbia,2402,75.5,158,5.0,272,8.5,287,9.0,1635,51.4,3183
8200,Census Tract 82; District of Columbia; District of Columbia,1911,68.1,69,2.5,185,6.6,212,7.6,1259,44.9,2805
8301,Census Tract 83.01; District of Columbia; District of Columbia,1984,64.5,130,4.2,364,11.8,391,12.7,1423,46.2,3077
8302,Census Tract 83.02; District of Columbia; District of Columbia,2126,74.1,68,2.4,147,5.1,380,13.2,1076,37.5,2871
8402,Census Tract 84.02; District of Columbia; District of Columbia,1516,59.3,24,0.9,598,23.4,284,11.1,956,37.4,2557
8410,Census Tract 84.10; District of Columbia; District of Columbia,985,46.1,68,3.2,554,25.9,352,16.5,518,24.2,2138
8701,Census Tract 87.01; District of Columbia; District of Columbia,1291,49.3,138,5.3,1044,39.9,47,1.8,813,31.1,2618
8702,Census Tract 87.02; District of Columbia; District of Columbia,1299,36.9,103,2.9,1417,40.2,396,11.2,896,25.4,3521
8802,Census Tract 88.02; District of Columbia; District of Columbia,1002,21.8,55,1.2,2932,63.7,383,8.3,929,20.2,4605
8803,Census Tract 88.03; District of Columbia; District of Columbia,1173,26.2,222,5.0,2379,53.2,434,9.7,781,17.5,4473
8804,Census Tract 88.04; District of Columbia; District of Columbia,356,15.2,44,1.9,1486,63.6,325,13.9,740,31.7,2338
8903,Census Tract 89.03; District of Columbia; District of Columbia,165,4.5,39,1.1,3307,90.2,83,2.3,471,12.8,3668
8904,Census Tract 89.04; District of Columbia; District of Columbia,399,10.4,190,5.0,2660,69.5,284,7.4,410,10.7,3826
9000,Census Tract 90; District of Columbia; District of Columbia,354,9.6,89,2.4,2971,80.8,44,1.2,573,15.6,3679
9102,Census Tract 91.02; District of Columbia; District of Columbia,684,15.7,83,1.9,2963,68.1,444,10.2,487,11.2,4352
9201,Census Tract 92.01; District of Columbia; District of Columbia,1566,51.2,203,6.6,698,22.8,332,10.9,905,29.6,3058
9203,Census Tract 92.03; District of Columbia; District of Columbia,821,24.7,112,3.4,1911,57.6,263,7.9,878,26.4,3320
9204,Census Tract 92.04; District of Columbia; District of Columbia,328,9.7,22,0.6,2425,71.6,579,17.1,313,9.2,3388
9301,Census Tract 93.01; District of Columbia; District of Columbia,1380,40.7,124,3.7,1478,43.6,114,3.4,1104,32.6,3388
9302,Census Tract 93.02; District of Columbia; District of Columbia,670,36.8,27,1.5,757,41.6,298,16.4,630,34.6,1821
9400,Census Tract 94; District of Columbia; District of Columbia,1156,23.3,23,0.5,3109,62.6,263,5.3,975,19.6,4966
9503,Census Tract 95.03; District of Columbia; District of Columbia,792,23.0,73,2.1,2223,64.7,258,7.5,725,21.1,3438
9504,Census Tract 95.04; District of Columbia; District of Columbia,992,32.7,333,11.0,1414,46.6,183,6.0,805,26.5,3037
9505,Census Tract 95.05; District of Columbia; District of Columbia,482,10.9,70,1.6,3324,75.4,157,3.6,733,16.6,4407
9507,Census Tract 95.07; District of Columbia; District of Columbia,156,9.5,10,0.6,1146,70.0,288,17.6,226,13.8,1636
9508,Census Tract 95.08; District of Columbia; District of Columbia,160,4.1,115,2.9,3083,78.8,334,8.5,707,18.1,3910
9509,Census Tract 95.09; District of Columbia; District of Columbia,631,19.3,63,1.9,2181,66.6,399,12.2,644,19.7,3274
9510,Census Tract 95.10; District of Columbia; District of Columbia,240,5.0,120,2.5,2564,53.6,1706,35.6,362,7.6,4788
9511,Census Tract 95.11; District of Columbia; District of Columbia,839,58.8,130,9.1,192,13.5,203,14.2,84,5.9,1426
9601,Census Tract 96.01; District of Columbia; District of Columbia,113,5.1,13,0.6,1996,90.0,73,3.3,97,4.4,2218
9602,Census Tract 96.02; District of Columbia; District of Columbia,38,0.7,0,0.0,4995,90.4,290,5.2,443,8.0,5527
9603,Census Tract 96.03; District of Columbia; District of Columbia,0,0.0,57,1.4,3711,88.0,124,2.9,263,6.2,4219
9604,Census Tract 96.04; District of Columbia; District of Columbia,77,4.0,0,0.0,1659,86.8,101,5.3,237,12.4,1912
9700,Census Tract 97; District of Columbia; District of Columbia,45,1.4,0,0.0,3170,98.1,0,0.0,572,17.7,3232
9801,Census Tract 98.01; District of Columbia; District of Columbia,40,1.9,0,0.0,1931,93.1,42,2.0,84,4.0,2075
9802,Census Tract 98.02; District of Columbia; District of Columbia,17,0.8,14,0.7,1993,94.3,0,0.0,145,6.9,2113
9803,Census Tract 98.03; District of Columbia; District of Columbia,88,3.0,0,0.0,2407,83.2,221,7.6,64,2.2,2892
9804,Census Tract 98.04; District of Columbia; District of Columbia,133,5.0,78,3.0,1890,71.5,345,13.1,169,6.4,2643
9807,Census Tract 98.07; District of Columbia; District of Columbia,55,1.7,0,0.0,3038,91.5,156,4.7,224,6.7,3322
9810,Census Tract 98.10; District of Columbia; District of Columbia,3,0.2,0,0.0,1642,85.6,42,2.2,55,2.9,1918
9811,Census Tract 98.11; District of Columbia; District of Columbia,35,0.8,0,0.0,4136,97.9,34,0.8,167,4.0,4225
9901,Census Tract 99.01; District of Columbia; District of Columbia,183,8.7,21,1.0,1645,78.1,15,0.7,620,29.4,2107
9902,Census Tract 99.02; District of Columbia; District of Columbia,168,6.1,11,0.4,2301,83.9,156,5.7,276,10.1,2742
9903,Census Tract 99.03; District of Columbia; District of Columbia,157,7.3,8,0.4,1874,86.9,73,3.4,309,14.3,2156
9904,Census Tract 99.04; District of Columbia; District of Columbia,96,2.6,0,0.0,2875,79.2,494,13.6,149,4.1,3632
9905,Census Tract 99.05; District of Columbia; District of Columbia,54,1.7,0,0.0,3094,97.2,0,0.0,294,9.2,3182
9906,Census Tract 99.06; District of Columbia; District of Columbia,82,5.1,0,0.0,1467,90.8,17,1.1,220,13.6,1615
9907,Census Tract 99.07; District of Columbia; District of Columbia,28,1.3,5,0.2,1865,88.9,195,9.3,78,3.7,2099
10100,Census Tract 101; District of Columbia; District of Columbia,1538,57.8,281,10.6,286,10.8,341,12.8,1485,55.8,2659
10201,Census Tract 102.01; District of Columbia; District of Columbia,1174,39.9,164,5.6,1150,39.0,170,5.8,1084,36.8,2946
10202,Census Tract 102.02; District of Columbia; District of Columbia,1280,50.4,66,2.6,783,30.8,218,8.6,809,31.8,2542
10300,Census Tract 103; District of Columbia; District of Columbia,855,19.7,92,2.1,2243,51.6,877,20.2,793,18.3,4344
10400,Census Tract 104; District of Columbia; District of Columbia,394,9.0,0,0.0,3817,87.0,92,2.1,522,11.9,4389
10500,Census Tract 105; District of Columbia; District of Columbia,1821,47.4,148,3.9,1405,36.6,374,9.7,1389,36.1,3844
10601,Census Tract 106.01; District of Columbia; District of Columbia,1092,56.6,110,5.7,435,22.6,158,8.2,749,38.8,1928
10602,Census Tract 106.02; District of Columbia; District of Columbia,3711,51.1,426,5.9,2208,30.4,447,6.1,3106,42.7,7269
10603,Census Tract 106.03; District of Columbia; District of Columbia,1795,70.1,125,4.9,306,11.9,248,9.7,727,28.4,2562
10700,Census Tract 107; District of Columbia; District of Columbia,1097,66.6,142,8.6,61,3.7,229,13.9,535,32.5,1648
10800,Census Tract 108; District of Columbia; District of Columbia,2505,52.9,926,19.6,436,9.2,634,13.4,577,12.2,4731
10900,Census Tract 109; District of Columbia; District of Columbia,84,2.5,0,0.0,2677,79.8,7,0.2,107,3.2,3355
11001,Census Tract 110.01; District of Columbia; District of Columbia,1029,37.2,43,1.6,932,33.7,654,23.7,900,32.6,2763
11002,Census Tract 110.02; District of Columbia; District of Columbia,989,65.4,68,4.5,281,18.6,17,1.1,828,54.8,1512
11100,Census Tract 111; District of Columbia; District of Columbia,539,10.8,61,1.2,3493,70.1,724,14.5,692,13.9,4985
980000,Census Tract 9800; District of Columbia; District of Columbia,17,100.0,0,0.0,0,0.0,0,0.0,0,0.0,17
