Hispanic_Pop,Total_Pop,Median_Age,Owner_Occupied,Total_Occupied,Median_Year_Moved_In,NAME,state,county,tract,Hispanic_Pct,Owner_Pct,Years_Since_Moved_In
90,1181,44.1,436,803,1942,Census Tract 1.01; District of Columbia; District of Columbia,11,001,000101,7.6,54.3,82
405,3056,56.6,1212,1830,1938,Census Tract 1.02; District of Columbia; District of Columbia,11,001,000102,13.3,66.2,86
381,2835,19.8,0,0,-666666666,Census Tract 2.01; District of Columbia; District of Columbia,11,001,000201,13.4,,666668690
384,3964,37.3,1340,1832,1938,Census Tract 2.02; District of Columbia; District of Columbia,11,001,000202,9.7,73.1,86
816,5669,34.3,1442,2430,1940,Census Tract 3; District of Columbia; District of Columbia,11,001,000300,14.4,59.3,84
279,1715,48.0,381,698,1981,Census Tract 4; District of Columbia; District of Columbia,11,001,000400,16.3,54.6,43
366,3490,39.7,270,2220,1962,Census Tract 5.01; District of Columbia; District of Columbia,11,001,000501,10.5,12.2,62
491,3448,37.7,962,1739,1938,Census Tract 5.02; District of Columbia; District of Columbia,11,001,000502,14.2,55.3,86
343,4367,47.3,1485,2160,1938,Census Tract 6; District of Columbia; District of Columbia,11,001,000600,7.9,68.8,86
310,3239,30.9,644,2182,1957,Census Tract 7.02; District of Columbia; District of Columbia,11,001,000702,9.6,29.5,67
371,2764,64.4,1145,1878,1957,Census Tract 7.03; District of Columbia; District of Columbia,11,001,000703,13.4,61.0,67
286,2404,44.2,510,1458,1942,Census Tract 7.04; District of Columbia; District of Columbia,11,001,000704,11.9,35.0,82
320,3136,42.5,842,1458,1952,Census Tract 8.02; District of Columbia; District of Columbia,11,001,000802,10.2,57.8,72
213,2521,45.2,891,1284,1970,Census Tract 8.03; District of Columbia; District of Columbia,11,001,000803,8.4,69.4,54
111,3532,39.9,992,1229,1950,Census Tract 8.04; District of Columbia; District of Columbia,11,001,000804,3.1,80.7,74
182,2134,48.5,733,850,1953,Census Tract 9.02; District of Columbia; District of Columbia,11,001,000902,8.5,86.2,71
292,3201,19.6,336,382,1948,Census Tract 9.03; District of Columbia; District of Columbia,11,001,000903,9.1,88.0,76
275,3250,46.5,911,1191,1961,Census Tract 9.04; District of Columbia; District of Columbia,11,001,000904,8.5,76.5,63
155,3348,34.7,803,1962,1954,Census Tract 10.02; District of Columbia; District of Columbia,11,001,001002,4.6,40.9,70
219,2895,44.7,945,1050,1938,Census Tract 10.03; District of Columbia; District of Columbia,11,001,001003,7.6,90.0,86
279,3959,44.1,1178,1550,1943,Census Tract 10.04; District of Columbia; District of Columbia,11,001,001004,7.0,76.0,81
257,4508,49.4,1208,2070,1944,Census Tract 11; District of Columbia; District of Columbia,11,001,001100,5.7,58.4,80
368,4711,43.6,1339,2460,1948,Census Tract 12; District of Columbia; District of Columbia,11,001,001200,7.8,54.4,76
377,3965,42.3,652,2090,1956,Census Tract 13.01; District of Columbia; District of Columbia,11,001,001301,9.5,31.2,68
432,3537,32.9,772,2258,1973,Census Tract 13.03; District of Columbia; District of Columbia,11,001,001303,12.2,34.2,51
504,4083,38.6,599,2800,1954,Census Tract 13.04; District of Columbia; District of Columbia,11,001,001304,12.3,21.4,70
523,3324,39.4,824,1351,1938,Census Tract 14.01; District of Columbia; District of Columbia,11,001,001401,15.7,61.0,86
340,3488,49.3,1020,1654,1960,Census Tract 14.02; District of Columbia; District of Columbia,11,001,001402,9.7,61.7,64
605,5619,48.5,1974,2072,1938,Census Tract 15; District of Columbia; District of Columbia,11,001,001500,10.8,95.3,86
448,5071,42.5,1686,1789,1938,Census Tract 16; District of Columbia; District of Columbia,11,001,001600,8.8,94.2,86
279,3387,38.0,798,1625,1963,Census Tract 17.02; District of Columbia; District of Columbia,11,001,001702,8.2,49.1,61
1243,3795,39.2,244,1683,1955,Census Tract 18.03; District of Columbia; District of Columbia,11,001,001803,32.8,14.5,69
2072,5428,37.9,667,1997,1953,Census Tract 18.04; District of Columbia; District of Columbia,11,001,001804,38.2,33.4,71
907,4581,35.7,1409,1658,1938,Census Tract 19.01; District of Columbia; District of Columbia,11,001,001901,19.8,85.0,86
335,2212,42.5,696,827,1938,Census Tract 19.02; District of Columbia; District of Columbia,11,001,001902,15.1,84.2,86
1313,2983,40.5,383,1125,1938,Census Tract 20.01; District of Columbia; District of Columbia,11,001,002001,44.0,34.0,86
770,4106,40.0,1263,1512,1938,Census Tract 20.02; District of Columbia; District of Columbia,11,001,002002,18.8,83.5,86
1554,5946,36.9,1339,2513,1941,Census Tract 21.01; District of Columbia; District of Columbia,11,001,002101,26.1,53.3,83
1411,5043,37.4,1307,2342,1943,Census Tract 21.02; District of Columbia; District of Columbia,11,001,002102,28.0,55.8,81
901,3238,34.7,915,986,1938,Census Tract 22.01; District of Columbia; District of Columbia,11,001,002201,27.8,92.8,86
544,3228,33.0,700,1267,1938,Census Tract 22.02; District of Columbia; District of Columbia,11,001,002202,16.9,55.2,86
600,3170,37.7,914,1202,1938,Census Tract 23.01; District of Columbia; District of Columbia,11,001,002301,18.9,76.0,86
88,1538,51.1,204,837,1938,Census Tract 23.02; District of Columbia; District of Columbia,11,001,002302,5.7,24.4,86
903,3735,38.1,1068,1510,1938,Census Tract 24; District of Columbia; District of Columbia,11,001,002400,24.2,70.7,86
484,2860,40.0,634,1060,1938,Census Tract 25.01; District of Columbia; District of Columbia,11,001,002501,16.9,59.8,86
554,2909,35.6,476,1705,2003,Census Tract 25.03; District of Columbia; District of Columbia,11,001,002503,19.0,27.9,21
1030,3132,37.6,920,1475,1944,Census Tract 25.04; District of Columbia; District of Columbia,11,001,002504,32.9,62.4,80
383,2578,40.5,653,895,1938,Census Tract 26; District of Columbia; District of Columbia,11,001,002600,14.9,73.0,86
1271,5578,34.5,1177,2397,1938,Census Tract 27.02; District of Columbia; District of Columbia,11,001,002702,22.8,49.1,86
380,2312,44.1,500,1109,1938,Census Tract 27.03; District of Columbia; District of Columbia,11,001,002703,16.4,45.1,86
912,2971,33.0,263,1625,1954,Census Tract 27.04; District of Columbia; District of Columbia,11,001,002704,30.7,16.2,70
1341,3877,30.9,450,1826,1951,Census Tract 28.01; District of Columbia; District of Columbia,11,001,002801,34.6,24.6,73
2280,4951,31.7,566,2705,1950,Census Tract 28.02; District of Columbia; District of Columbia,11,001,002802,46.1,20.9,74
1152,4608,30.2,926,1687,1938,Census Tract 29; District of Columbia; District of Columbia,11,001,002900,25.0,54.9,86
779,3535,32.1,461,1622,1938,Census Tract 30; District of Columbia; District of Columbia,11,001,003000,22.0,28.4,86
860,3529,33.4,1019,1917,1941,Census Tract 31; District of Columbia; District of Columbia,11,001,003100,24.4,53.2,83
891,4132,32.7,1100,1652,1938,Census Tract 32; District of Columbia; District of Columbia,11,001,003200,21.6,66.6,86
250,3525,39.8,1303,1762,1938,Census Tract 33.01; District of Columbia; District of Columbia,11,001,003301,7.1,74.0,86
104,2236,32.9,550,1002,1938,Census Tract 33.02; District of Columbia; District of Columbia,11,001,003302,4.7,54.9,86
429,4044,24.3,483,1222,1938,Census Tract 34; District of Columbia; District of Columbia,11,001,003400,10.6,39.5,86
293,4498,27.8,495,1907,2011,Census Tract 35; District of Columbia; District of Columbia,11,001,003500,6.5,26.0,13
479,4500,34.5,659,2248,1938,Census Tract 36; District of Columbia; District of Columbia,11,001,003600,10.6,29.3,86
739,2195,34.3,439,1335,1974,Census Tract 37.01; District of Columbia; District of Columbia,11,001,003701,33.7,32.9,50
319,2815,32.9,299,1514,1941,Census Tract 37.02; District of Columbia; District of Columbia,11,001,003702,11.3,19.7,83
139,1514,36.1,426,997,1951,Census Tract 38.01; District of Columbia; District of Columbia,11,001,003801,9.2,42.7,73
674,3607,36.3,637,2105,1944,Census Tract 38.02; District of Columbia; District of Columbia,11,001,003802,18.7,30.3,80
586,2729,34.7,189,1724,1950,Census Tract 39.01; District of Columbia; District of Columbia,11,001,003901,21.5,11.0,74
328,1774,36.1,538,1016,1938,Census Tract 39.02; District of Columbia; District of Columbia,11,001,003902,18.5,53.0,86
416,3971,33.2,1111,2409,1938,Census Tract 40.01; District of Columbia; District of Columbia,11,001,004001,10.5,46.1,86
510,3291,34.8,711,2095,1938,Census Tract 40.02; District of Columbia; District of Columbia,11,001,004002,15.5,33.9,86
382,2363,40.0,677,1417,1938,Census Tract 41; District of Columbia; District of Columbia,11,001,004100,16.2,47.8,86
284,3224,31.2,608,1928,1938,Census Tract 42.01; District of Columbia; District of Columbia,11,001,004201,8.8,31.5,86
454,2613,31.4,369,1615,1938,Census Tract 42.02; District of Columbia; District of Columbia,11,001,004202,17.4,22.8,86
876,4387,34.4,879,2665,1938,Census Tract 43; District of Columbia; District of Columbia,11,001,004300,20.0,33.0,86
255,3388,34.4,943,1869,2004,Census Tract 44.01; District of Columbia; District of Columbia,11,001,004401,7.5,50.5,20
151,2503,34.8,539,1234,1938,Census Tract 44.02; District of Columbia; District of Columbia,11,001,004402,6.0,43.7,86
210,3058,33.8,635,1498,1938,Census Tract 46; District of Columbia; District of Columbia,11,001,004600,6.9,42.4,86
460,3476,31.4,242,2264,2011,Census Tract 47.02; District of Columbia; District of Columbia,11,001,004702,13.2,10.7,13
254,3400,30.4,384,1916,2006,Census Tract 47.03; District of Columbia; District of Columbia,11,001,004703,7.5,20.0,18
46,1580,23.0,52,728,1967,Census Tract 47.04; District of Columbia; District of Columbia,11,001,004704,2.9,7.1,57
538,2751,34.1,541,1479,1938,Census Tract 48.01; District of Columbia; District of Columbia,11,001,004801,19.6,36.6,86
441,2974,33.5,436,1662,1974,Census Tract 48.02; District of Columbia; District of Columbia,11,001,004802,14.8,26.2,50
504,3381,30.8,434,1909,2010,Census Tract 49.01; District of Columbia; District of Columbia,11,001,004901,14.9,22.7,14
401,3367,32.4,732,2182,2001,Census Tract 49.02; District of Columbia; District of Columbia,11,001,004902,11.9,33.5,23
135,2064,37.5,690,1104,1938,Census Tract 50.01; District of Columbia; District of Columbia,11,001,005001,6.5,62.5,86
261,1766,35.6,310,1117,1959,Census Tract 50.03; District of Columbia; District of Columbia,11,001,005003,14.8,27.8,65
887,3703,35.2,691,2265,1970,Census Tract 50.04; District of Columbia; District of Columbia,11,001,005004,24.0,30.5,54
197,2973,40.4,1187,2080,1938,Census Tract 52.02; District of Columbia; District of Columbia,11,001,005202,6.6,57.1,86
632,3114,34.9,419,2346,1975,Census Tract 52.03; District of Columbia; District of Columbia,11,001,005203,20.3,17.9,49
373,2547,31.8,531,1606,1938,Census Tract 53.02; District of Columbia; District of Columbia,11,001,005302,14.6,33.1,86
230,2503,40.2,1094,1985,1957,Census Tract 53.03; District of Columbia; District of Columbia,11,001,005303,9.2,55.1,67
388,1759,35.6,559,1271,1988,Census Tract 55.01; District of Columbia; District of Columbia,11,001,005501,22.1,44.0,36
104,2487,33.1,461,1561,1963,Census Tract 55.02; District of Columbia; District of Columbia,11,001,005502,4.2,29.5,61
173,1693,36.8,447,1190,2001,Census Tract 55.03; District of Columbia; District of Columbia,11,001,005503,10.2,37.6,23
302,2508,30.9,492,1992,1967,Census Tract 56.01; District of Columbia; District of Columbia,11,001,005601,12.0,24.7,57
615,4034,32.0,845,1976,1968,Census Tract 56.02; District of Columbia; District of Columbia,11,001,005602,15.2,42.8,56
148,1780,42.8,527,1104,2001,Census Tract 58.01; District of Columbia; District of Columbia,11,001,005801,8.3,47.7,23
374,1936,37.9,430,1367,1998,Census Tract 58.02; District of Columbia; District of Columbia,11,001,005802,19.3,31.5,26
223,2403,32.1,206,1483,2003,Census Tract 59; District of Columbia; District of Columbia,11,001,005900,9.3,13.9,21
51,2978,31.7,276,1674,1977,Census Tract 64; District of Columbia; District of Columbia,11,001,006400,1.7,16.5,47
307,2549,36.9,938,1365,1938,Census Tract 65; District of Columbia; District of Columbia,11,001,006500,12.0,68.7,86
113,2150,37.8,450,1091,1938,Census Tract 66; District of Columbia; District of Columbia,11,001,006600,5.3,41.2,86
196,3930,39.9,1412,2087,1938,Census Tract 67; District of Columbia; District of Columbia,11,001,006700,5.0,67.7,86
192,2271,35.5,615,1026,1938,Census Tract 68.01; District of Columbia; District of Columbia,11,001,006801,8.5,59.9,86
107,2264,35.6,592,1045,1938,Census Tract 68.02; District of Columbia; District of Columbia,11,001,006802,4.7,56.7,86
124,2143,35.0,6,36,2016,Census Tract 68.04; District of Columbia; District of Columbia,11,001,006804,5.8,16.7,8
119,2913,35.3,759,1392,1938,Census Tract 69; District of Columbia; District of Columbia,11,001,006900,4.1,54.5,86
197,2462,36.7,602,1057,1938,Census Tract 70; District of Columbia; District of Columbia,11,001,007000,8.0,57.0,86
322,3485,33.2,769,1571,1967,Census Tract 71; District of Columbia; District of Columbia,11,001,007100,9.2,48.9,57
198,2850,31.8,314,2116,2016,Census Tract 72.01; District of Columbia; District of Columbia,11,001,007201,6.9,14.8,8
297,5262,30.9,302,3599,2013,Census Tract 72.02; District of Columbia; District of Columbia,11,001,007202,5.6,8.4,11
173,3305,33.5,390,1920,2012,Census Tract 72.03; District of Columbia; District of Columbia,11,001,007203,5.2,20.3,12
1008,4592,26.6,0,1333,1995,Census Tract 73.01; District of Columbia; District of Columbia,11,001,007301,22.0,0.0,29
34,4383,38.6,610,2150,1985,Census Tract 73.04; District of Columbia; District of Columbia,11,001,007304,0.8,28.4,39
18,1458,33.6,133,773,1972,Census Tract 74.01; District of Columbia; District of Columbia,11,001,007401,1.2,17.2,52
113,2779,20.1,38,970,1967,Census Tract 74.03; District of Columbia; District of Columbia,11,001,007403,4.1,3.9,57
424,4304,25.3,420,1379,2001,Census Tract 74.04; District of Columbia; District of Columbia,11,001,007404,9.9,30.5,23
0,2803,29.3,127,1268,1965,Census Tract 74.06; District of Columbia; District of Columbia,11,001,007406,0.0,10.0,59
93,3407,33.5,689,1499,1988,Census Tract 74.07; District of Columbia; District of Columbia,11,001,007407,2.7,46.0,36
52,4124,22.5,15,1422,1965,Census Tract 74.08; District of Columbia; District of Columbia,11,001,007408,1.3,1.1,59
0,3387,35.7,457,1754,1963,Census Tract 74.09; District of Columbia; District of Columbia,11,001,007409,0.0,26.1,61
0,4999,29.6,363,1900,1970,Census Tract 75.02; District of Columbia; District of Columbia,11,001,007502,0.0,19.1,54
123,2440,32.1,273,945,1959,Census Tract 75.03; District of Columbia; District of Columbia,11,001,007503,5.0,28.9,65
70,2815,36.1,432,1355,1966,Census Tract 75.04; District of Columbia; District of Columbia,11,001,007504,2.5,31.9,58
130,4949,32.4,679,2073,1960,Census Tract 76.01; District of Columbia; District of Columbia,11,001,007601,2.6,32.8,64
173,4281,36.1,764,2196,1952,Census Tract 76.03; District of Columbia; District of Columbia,11,001,007603,4.0,34.8,72
177,3738,49.5,697,1959,1960,Census Tract 76.04; District of Columbia; District of Columbia,11,001,007604,4.7,35.6,64
15,3793,40.9,654,1978,1954,Census Tract 76.05; District of Columbia; District of Columbia,11,001,007605,0.4,33.1,70
2051,7140,28.0,865,2307,1963,Census Tract 77.03; District of Columbia; District of Columbia,11,001,007703,28.7,37.5,61
178,4345,37.4,853,1836,1954,Census Tract 77.07; District of Columbia; District of Columbia,11,001,007707,4.1,46.5,70
34,2444,42.3,162,1149,1952,Census Tract 77.08; District of Columbia; District of Columbia,11,001,007708,1.4,14.1,72
128,2512,33.7,226,1271,1955,Census Tract 77.09; District of Columbia; District of Columbia,11,001,007709,5.1,17.8,69
67,4968,34.8,989,2523,1974,Census Tract 78.03; District of Columbia; District of Columbia,11,001,007803,1.3,39.2,50
33,4078,30.8,425,1589,1969,Census Tract 78.04; District of Columbia; District of Columbia,11,001,007804,0.8,26.7,55
17,2361,41.4,520,1163,1953,Census Tract 78.06; District of Columbia; District of Columbia,11,001,007806,0.7,44.7,71
156,2477,36.2,523,919,1966,Census Tract 78.07; District of Columbia; District of Columbia,11,001,007807,6.3,56.9,58
263,4105,35.3,881,1560,1959,Census Tract 78.08; District of Columbia; District of Columbia,11,001,007808,6.4,56.5,65
302,3134,31.2,759,1192,1946,Census Tract 78.09; District of Columbia; District of Columbia,11,001,007809,9.6,63.7,78
578,4397,34.7,899,1693,1941,Census Tract 79.01; District of Columbia; District of Columbia,11,001,007901,13.1,53.1,83
131,1859,36.0,556,786,1938,Census Tract 79.03; District of Columbia; District of Columbia,11,001,007903,7.0,70.7,86
259,3058,37.4,1086,1441,1938,Census Tract 80.01; District of Columbia; District of Columbia,11,001,008001,8.5,75.4,86
223,3286,36.4,882,1424,1938,Census Tract 80.02; District of Columbia; District of Columbia,11,001,008002,6.8,61.9,86
287,3183,36.8,724,1544,1938,Census Tract 81; District of Columbia; District of Columbia,11,001,008100,9.0,46.9,86
212,2805,32.8,518,1512,1938,Census Tract 82; District of Columbia; District of Columbia,11,001,008200,7.6,34.3,86
391,3077,32.8,790,1627,1938,Census Tract 83.01; District of Columbia; District of Columbia,11,001,008301,12.7,48.6,86
380,2871,34.8,544,1309,1938,Census Tract 83.02; District of Columbia; District of Columbia,11,001,008302,13.2,41.6,86
284,2557,35.4,641,1423,1956,Census Tract 84.02; District of Columbia; District of Columbia,11,001,008402,11.1,45.0,68
352,2138,34.9,633,845,1938,Census Tract 84.10; District of Columbia; District of Columbia,11,001,008410,16.5,74.9,86
47,2618,34.0,722,1146,1938,Census Tract 87.01; District of Columbia; District of Columbia,11,001,008701,1.8,63.0,86
396,3521,31.3,562,2171,2011,Census Tract 87.02; District of Columbia; District of Columbia,11,001,008702,11.2,25.9,13
383,4605,35.5,934,1962,1943,Census Tract 88.02; District of Columbia; District of Columbia,11,001,008802,8.3,47.6,81
434,4473,32.3,172,2057,1993,Census Tract 88.03; District of Columbia; District of Columbia,11,001,008803,9.7,8.4,31
325,2338,38.1,661,1505,1947,Census Tract 88.04; District of Columbia; District of Columbia,11,001,008804,13.9,43.9,77
83,3668,30.3,341,1684,1950,Census Tract 89.03; District of Columbia; District of Columbia,11,001,008903,2.3,20.2,74
284,3826,35.5,376,1818,1950,Census Tract 89.04; District of Columbia; District of Columbia,11,001,008904,7.4,20.7,74
44,3679,43.4,1181,2383,1980,Census Tract 90; District of Columbia; District of Columbia,11,001,009000,1.2,49.6,44
444,4352,35.6,716,1923,1958,Census Tract 91.02; District of Columbia; District of Columbia,11,001,009102,10.2,37.2,66
332,3058,32.2,549,1289,2004,Census Tract 92.01; District of Columbia; District of Columbia,11,001,009201,10.9,42.6,20
263,3320,35.8,666,1565,1938,Census Tract 92.03; District of Columbia; District of Columbia,11,001,009203,7.9,42.6,86
579,3388,32.5,223,1621,1971,Census Tract 92.04; District of Columbia; District of Columbia,11,001,009204,17.1,13.8,53
114,3388,40.8,1074,1417,1938,Census Tract 93.01; District of Columbia; District of Columbia,11,001,009301,3.4,75.8,86
298,1821,31.9,395,996,1983,Census Tract 93.02; District of Columbia; District of Columbia,11,001,009302,16.4,39.7,41
263,4966,41.4,1515,1849,1938,Census Tract 94; District of Columbia; District of Columbia,11,001,009400,5.3,81.9,86
258,3438,37.4,1082,1202,1946,Census Tract 95.03; District of Columbia; District of Columbia,11,001,009503,7.5,90.0,78
183,3037,44.3,754,1214,1938,Census Tract 95.04; District of Columbia; District of Columbia,11,001,009504,6.0,62.1,86
157,4407,33.1,1097,1871,1959,Census Tract 95.05; District of Columbia; District of Columbia,11,001,009505,3.6,58.6,65
288,1636,37.5,534,587,1955,Census Tract 95.07; District of Columbia; District of Columbia,11,001,009507,17.6,91.0,69
334,3910,36.8,533,1880,1998,Census Tract 95.08; District of Columbia; District of Columbia,11,001,009508,8.5,28.4,26
399,3274,35.9,1304,1388,1949,Census Tract 95.09; District of Columbia; District of Columbia,11,001,009509,12.2,93.9,75
1706,4788,33.7,480,1925,1956,Census Tract 95.10; District of Columbia; District of Columbia,11,001,009510,35.6,24.9,68
203,1426,19.9,0,0,-666666666,Census Tract 95.11; District of Columbia; District of Columbia,11,001,009511,14.2,,666668690
73,2218,31.3,279,843,1950,Census Tract 96.01; District of Columbia; District of Columbia,11,001,009601,3.3,33.1,74
290,5527,28.8,345,2233,1966,Census Tract 96.02; District of Columbia; District of Columbia,11,001,009602,5.2,15.5,58
124,4219,38.8,678,1981,1959,Census Tract 96.03; District of Columbia; District of Columbia,11,001,009603,2.9,34.2,65
101,1912,40.3,577,856,1945,Census Tract 96.04; District of Columbia; District of Columbia,11,001,009604,5.3,67.4,79
0,3232,46.6,679,1791,2000,Census Tract 97; District of Columbia; District of Columbia,11,001,009700,0.0,37.9,24
42,2075,37.7,135,1107,1955,Census Tract 98.01; District of Columbia; District of Columbia,11,001,009801,2.0,12.2,69
0,2113,33.6,292,862,1962,Census Tract 98.02; District of Columbia; District of Columbia,11,001,009802,0.0,33.9,62
221,2892,41.4,247,1363,1966,Census Tract 98.03; District of Columbia; District of Columbia,11,001,009803,7.6,18.1,58
345,2643,26.7,245,966,1963,Census Tract 98.04; District of Columbia; District of Columbia,11,001,009804,13.1,25.4,61
156,3322,40.1,468,1736,1957,Census Tract 98.07; District of Columbia; District of Columbia,11,001,009807,4.7,27.0,67
42,1918,35.2,32,1132,1960,Census Tract 98.10; District of Columbia; District of Columbia,11,001,009810,2.2,2.8,64
34,4225,36.2,282,1789,1966,Census Tract 98.11; District of Columbia; District of Columbia,11,001,009811,0.8,15.8,58
15,2107,52.3,744,947,1955,Census Tract 99.01; District of Columbia; District of Columbia,11,001,009901,0.7,78.6,69
156,2742,55.3,1041,1245,1950,Census Tract 99.02; District of Columbia; District of Columbia,11,001,009902,5.7,83.6,74
73,2156,29.9,493,672,1968,Census Tract 99.03; District of Columbia; District of Columbia,11,001,009903,3.4,73.4,56
494,3632,30.7,639,1381,1996,Census Tract 99.04; District of Columbia; District of Columbia,11,001,009904,13.6,46.3,28
0,3182,35.5,777,1271,1965,Census Tract 99.05; District of Columbia; District of Columbia,11,001,009905,0.0,61.1,59
17,1615,36.9,335,750,1950,Census Tract 99.06; District of Columbia; District of Columbia,11,001,009906,1.1,44.7,74
195,2099,28.2,228,873,1950,Census Tract 99.07; District of Columbia; District of Columbia,11,001,009907,9.3,26.1,74
341,2659,34.6,512,1866,1970,Census Tract 101; District of Columbia; District of Columbia,11,001,010100,12.8,27.4,54
170,2946,33.8,96,2074,2011,Census Tract 102.01; District of Columbia; District of Columbia,11,001,010201,5.8,4.6,13
218,2542,37.4,561,1631,2009,Census Tract 102.02; District of Columbia; District of Columbia,11,001,010202,8.6,34.4,15
877,4344,38.9,909,1804,1956,Census Tract 103; District of Columbia; District of Columbia,11,001,010300,20.2,50.4,68
92,4389,42.1,981,2254,1952,Census Tract 104; District of Columbia; District of Columbia,11,001,010400,2.1,43.5,72
374,3844,35.8,766,2356,1969,Census Tract 105; District of Columbia; District of Columbia,11,001,010500,9.7,32.5,55
158,1928,31.2,0,1307,2014,Census Tract 106.01; District of Columbia; District of Columbia,11,001,010601,8.2,0.0,10
447,7269,32.2,1043,3470,2008,Census Tract 106.02; District of Columbia; District of Columbia,11,001,010602,6.1,30.1,16
248,2562,28.0,0,1841,2015,Census Tract 106.03; District of Columbia; District of Columbia,11,001,010603,9.7,0.0,9
229,1648,30.9,334,1252,1975,Census Tract 107; District of Columbia; District of Columbia,11,001,010700,13.9,26.7,49
634,4731,20.2,62,977,1972,Census Tract 108; District of Columbia; District of Columbia,11,001,010800,13.4,6.3,52
7,3355,28.1,12,1353,1958,Census Tract 109; District of Columbia; District of Columbia,11,001,010900,0.2,0.9,66
654,2763,36.5,674,1449,1965,Census Tract 110.01; District of Columbia; District of Columbia,11,001,011001,23.7,46.5,59
17,1512,55.7,848,1127,1965,Census Tract 110.02; District of Columbia; District of Columbia,11,001,011002,1.1,75.2,59
724,4985,41.5,1067,1855,1945,Census Tract 111; District of Columbia; District of Columbia,11,001,011100,14.5,57.5,79
0,17,-666666666.0,0,5,-666666666,Census Tract 9800; District of Columbia; District of Columbia,11,001,980000,0.0,0.0,666668690
